mission_id,title,description,required_seniority,required_location,required_languages,required_skills,sector,desired_start_in_days,duration_months,max_daily_rate,priority,created_at
1,Developer React C# pour telecom,"Recherche Developer React pour un client telecom dans un contexte de transformation digital. Competences attendues: C#, FastAPI, Java, SQL, Salesforce. Demarrage souhaite dans 15 jours, duree 12 mois. Niveau requis: Junior. Langue requise: Anglais. Localisation: Remote. Budget max: 650 EUR/jour.",Junior,Remote,Anglais,C# | FastAPI | Java | SQL | Salesforce,Telecom,15,12,650,High,2025-08-17T02:17:31+00:00
2,Developer React C# pour retail,"Recherche Developer React pour un client retail dans un contexte de transformation digital. Competences attendues: C#, Docker, Java, Python, Spark. Demarrage souhaite dans 15 jours, duree 11 mois. Niveau requis: Confirmed. Langue requise: Bilingue. Localisation: Remote. Budget max: 895 EUR/jour.",Confirmed,Remote,Bilingue,C# | Docker | Java | Python | Spark,Retail,15,11,895,High,2025-09-21T02:17:31+00:00
3,Consultant Cyber IAM AWS pour public,"Recherche Consultant Cyber IAM pour un client public dans un contexte de transformation cyber. Competences attendues: AWS, DevOps, Python, SIEM. Demarrage souhaite dans 0 jours, duree 3 mois. Niveau requis: Confirmed. Langue requise: Francais. Localisation: Paris. Budget max: 969 EUR/jour.",Confirmed,Paris,Francais,AWS | DevOps | Python | SIEM,Public,0,3,969,Medium,2026-03-05T02:17:31+00:00
4,Tech Lead Digital Docker pour public,"Recherche Tech Lead Digital pour un client public dans un contexte de transformation digital. Competences attendues: Docker, FastAPI, Java, NLP, Python, React. Demarrage souhaite dans 30 jours, duree 13 mois. Niveau requis: Confirmed. Langue requise: Francais. Localisation: Remote. Budget max: 941 EUR/jour.",Confirmed,Remote,Francais,Docker | FastAPI | Java | NLP | Python | React,Public,30,13,941,Low,2025-11-07T02:17:31+00:00
5,Developer React C# pour banque,"Recherche Developer React pour un client banque dans un contexte de transformation digital. Competences attendues: C#, FastAPI, NLP, React, Tableau. Demarrage souhaite dans 30 jours, duree 16 mois. Niveau requis: Senior. Langue requise: Francais. Localisation: Lyon. Budget max: 1272 EUR/jour.",Senior,Lyon,Francais,C# | FastAPI | NLP | React | Tableau,Banque,30,16,1272,High,2026-03-09T02:17:31+00:00
6,Architecte Cloud Azure pour banque,"Recherche Architecte Cloud pour un client banque dans un contexte de transformation cloud. Competences attendues: Azure, DevOps, Docker, Spark. Demarrage souhaite dans 15 jours, duree 14 mois. Niveau requis: Confirmed. Langue requise: Bilingue. Localisation: Bruxelles. Budget max: 964 EUR/jour.",Confirmed,Bruxelles,Bilingue,Azure | DevOps | Docker | Spark,Banque,15,14,964,High,2025-10-02T02:17:31+00:00
7,Cloud Engineer AWS pour public,"Recherche Cloud Engineer pour un client public dans un contexte de transformation cloud. Competences attendues: AWS, DevOps, Kubernetes, NLP, Terraform. Demarrage souhaite dans 30 jours, duree 18 mois. Niveau requis: Confirmed. Langue requise: Anglais. Localisation: Toulouse. Budget max: 916 EUR/jour.",Confirmed,Toulouse,Anglais,AWS | DevOps | Kubernetes | NLP | Terraform,Public,30,18,916,Medium,2025-11-21T02:17:31+00:00
8,Expert SIEM Azure pour public,"Recherche Expert SIEM pour un client public dans un contexte de transformation cyber. Competences attendues: Azure, Docker, GCP, Python, SAP, SIEM. Demarrage souhaite dans 30 jours, duree 4 mois. Niveau requis: Confirmed. Langue requise: Bilingue. Localisation: Remote. Budget max: 904 EUR/jour.",Confirmed,Remote,Bilingue,Azure | Docker | GCP | Python | SAP | SIEM | SQL,Public,30,4,904,Low,2025-11-07T02:17:31+00:00
9,Data Analyst Power BI pour sante,"Recherche Data Analyst pour un client sante dans un contexte de transformation data / ia. Competences attendues: Power BI, SOC, SQL, Salesforce, Spark, Tableau. Demarrage souhaite dans 0 jours, duree 6 mois. Niveau requis: Expert. Langue requise: Bilingue. Localisation: Remote. Budget max: 1378 EUR/jour.",Expert,Remote,Bilingue,Power BI | SOC | SQL | Salesforce | Spark | Tableau | dbt,Sante,0,6,1378,High,2025-10-12T02:17:31+00:00
10,Lead Data Scientist Azure pour assurance,"Recherche Lead Data Scientist pour un client assurance dans un contexte de transformation data / ia. Competences attendues: Azure, SQL, Snowflake, Spark, dbt. Demarrage souhaite dans 0 jours, duree 5 mois. Niveau requis: Confirmed. Langue requise: Anglais. Localisation: Remote. Budget max: 844 EUR/jour.",Confirmed,Remote,Anglais,Azure | SQL | Snowflake | Spark | dbt,Assurance,0,5,844,Medium,2026-01-14T02:17:31+00:00
11,Data Engineer FastAPI pour public,"Recherche Data Engineer pour un client public dans un contexte de transformation data / ia. Competences attendues: FastAPI, MLOps, Power BI, Salesforce, Snowflake. Demarrage souhaite dans 60 jours, duree 7 mois. Niveau requis: Senior. Langue requise: Francais. Localisation: Remote. Budget max: 1287 EUR/jour.",Senior,Remote,Francais,FastAPI | MLOps | Power BI | Salesforce | Snowflake,Public,60,7,1287,High,2026-02-09T02:17:31+00:00
12,DevOps Cloud AWS pour assurance,"Recherche DevOps Cloud pour un client assurance dans un contexte de transformation devops. Competences attendues: AWS, C#, DevOps, GCP, Kubernetes, Python. Demarrage souhaite dans 0 jours, duree 5 mois. Niveau requis: Senior. Langue requise: Bilingue. Localisation: Lille. Budget max: 1344 EUR/jour.",Senior,Lille,Bilingue,AWS | C# | DevOps | GCP | Kubernetes | Python | Snowflake,Assurance,0,5,1344,High,2026-03-02T02:17:31+00:00
13,Tech Lead CRM C# pour assurance,"Recherche Tech Lead CRM pour un client assurance dans un contexte de transformation crm. Competences attendues: C#, Power BI, Python, SAP. Demarrage souhaite dans 60 jours, duree 11 mois. Niveau requis: Confirmed. Langue requise: Francais. Localisation: Bruxelles. Budget max: 838 EUR/jour.",Confirmed,Bruxelles,Francais,C# | Power BI | Python | SAP,Assurance,60,11,838,Medium,2025-10-06T02:17:31+00:00
14,Architecte Cloud Azure pour public,"Recherche Architecte Cloud pour un client public dans un contexte de transformation cloud. Competences attendues: Azure, DevOps, GCP, IAM, Python, Terraform. Demarrage souhaite dans 0 jours, duree 7 mois. Niveau requis: Junior. Langue requise: Francais. Localisation: Toulouse. Budget max: 731 EUR/jour.",Junior,Toulouse,Francais,Azure | DevOps | GCP | IAM | Python | Terraform | dbt,Public,0,7,731,Medium,2026-01-27T02:17:31+00:00
15,Chef de projet ERP Airflow pour banque,"Recherche Chef de projet ERP pour un client banque dans un contexte de transformation erp. Competences attendues: Airflow, Azure, Power BI, Python, SQL. Demarrage souhaite dans 60 jours, duree 15 mois. Niveau requis: Senior. Langue requise: Francais. Localisation: Lyon. Budget max: 1213 EUR/jour.",Senior,Lyon,Francais,Airflow | Azure | Power BI | Python | SQL,Banque,60,15,1213,Medium,2026-02-20T02:17:31+00:00
16,DevOps Cloud AWS pour industrie,"Recherche DevOps Cloud pour un client industrie dans un contexte de transformation devops. Competences attendues: AWS, Azure, DevOps, SQL. Demarrage souhaite dans 0 jours, duree 15 mois. Niveau requis: Confirmed. Langue requise: Francais. Localisation: Toulouse. Budget max: 910 EUR/jour.",Confirmed,Toulouse,Francais,AWS | Azure | DevOps | SQL,Industrie,0,15,910,High,2026-03-30T02:17:31+00:00
17,Consultant Azure AWS pour retail,"Recherche Consultant Azure pour un client retail dans un contexte de transformation cloud. Competences attendues: AWS, Docker, Python, SOC, Salesforce. Demarrage souhaite dans 15 jours, duree 11 mois. Niveau requis: Expert. Langue requise: Bilingue. Localisation: Toulouse. Budget max: 1469 EUR/jour.",Expert,Toulouse,Bilingue,AWS | Docker | Python | SOC | Salesforce,Retail,15,11,1469,High,2025-09-02T02:17:31+00:00
18,Platform Engineer DevOps pour retail,"Recherche Platform Engineer pour un client retail dans un contexte de transformation devops. Competences attendues: DevOps, Docker, GCP, Kubernetes, Spark, Terraform. Demarrage souhaite dans 30 jours, duree 13 mois. Niveau requis: Senior. Langue requise: Bilingue. Localisation: Lyon. Budget max: 1095 EUR/jour.",Senior,Lyon,Bilingue,DevOps | Docker | GCP | Kubernetes | Spark | Terraform,Retail,30,13,1095,High,2025-11-12T02:17:31+00:00
19,ML Engineer Airflow pour energie,"Recherche ML Engineer pour un client energie dans un contexte de transformation data / ia. Competences attendues: Airflow, NLP, Tableau, Terraform. Demarrage souhaite dans 30 jours, duree 7 mois. Niveau requis: Confirmed. Langue requise: Francais. Localisation: Toulouse. Budget max: 869 EUR/jour.",Confirmed,Toulouse,Francais,Airflow | NLP | Tableau | Terraform,Energie,30,7,869,Medium,2025-08-13T02:17:31+00:00
20,Consultant Cyber IAM AWS pour industrie,"Recherche Consultant Cyber IAM pour un client industrie dans un contexte de transformation cyber. Competences attendues: AWS, Azure, Python, SIEM, SQL, Terraform. Demarrage souhaite dans 30 jours, duree 4 mois. Niveau requis: Confirmed. Langue requise: Anglais. Localisation: Bruxelles. Budget max: 993 EUR/jour.",Confirmed,Bruxelles,Anglais,AWS | Azure | Python | SIEM | SQL | Terraform,Industrie,30,4,993,High,2025-10-03T02:17:31+00:00
21,Lead Data Scientist Airflow pour industrie,"Recherche Lead Data Scientist pour un client industrie dans un contexte de transformation data / ia. Competences attendues: Airflow, C#, FastAPI, Java, Snowflake, Spark. Demarrage souhaite dans 30 jours, duree 3 mois. Niveau requis: Senior. Langue requise: Francais. Localisation: Lyon. Budget max: 1036 EUR/jour.",Senior,Lyon,Francais,Airflow | C# | FastAPI | Java | Snowflake | Spark | dbt,Industrie,30,3,1036,Medium,2025-09-23T02:17:31+00:00
22,Consultant Azure AWS pour sante,"Recherche Consultant Azure pour un client sante dans un contexte de transformation cloud. Competences attendues: AWS, Azure, GCP, Python, Terraform, dbt. Demarrage souhaite dans 30 jours, duree 10 mois. Niveau requis: Senior. Langue requise: Francais. Localisation: Paris. Budget max: 1146 EUR/jour.",Senior,Paris,Francais,AWS | Azure | GCP | Python | Terraform | dbt,Sante,30,10,1146,Medium,2025-08-26T02:17:31+00:00
23,Consultant AWS AWS pour industrie,"Recherche Consultant AWS pour un client industrie dans un contexte de transformation cloud. Competences attendues: AWS, DevOps, GCP, SIEM, Spark, Terraform. Demarrage souhaite dans 15 jours, duree 12 mois. Niveau requis: Expert. Langue requise: Francais. Localisation: Lyon. Budget max: 1532 EUR/jour.",Expert,Lyon,Francais,AWS | DevOps | GCP | SIEM | Spark | Terraform,Industrie,15,12,1532,Medium,2025-12-09T02:17:31+00:00
24,Consultant Azure AWS pour telecom,"Recherche Consultant Azure pour un client telecom dans un contexte de transformation cloud. Competences attendues: AWS, Azure, Docker, Kubernetes, Python, React. Demarrage souhaite dans 30 jours, duree 12 mois. Niveau requis: Junior. Langue requise: Francais. Localisation: Remote. Budget max: 739 EUR/jour.",Junior,Remote,Francais,AWS | Azure | Docker | Kubernetes | Python | React,Telecom,30,12,739,Medium,2025-11-26T02:17:31+00:00
25,Architecte Cyber AWS pour telecom,"Recherche Architecte Cyber pour un client telecom dans un contexte de transformation cyber. Competences attendues: AWS, C#, IAM, SIEM. Demarrage souhaite dans 30 jours, duree 7 mois. Niveau requis: Confirmed. Langue requise: Francais. Localisation: Lyon. Budget max: 842 EUR/jour.",Confirmed,Lyon,Francais,AWS | C# | IAM | SIEM,Telecom,30,7,842,Medium,2025-11-06T02:17:31+00:00
26,SRE Azure pour public,"Recherche SRE pour un client public dans un contexte de transformation devops. Competences attendues: Azure, Docker, GCP, Java. Demarrage souhaite dans 15 jours, duree 14 mois. Niveau requis: Junior. Langue requise: Anglais. Localisation: Remote. Budget max: 647 EUR/jour.",Junior,Remote,Anglais,Azure | Docker | GCP | Java,Public,15,14,647,Low,2025-11-09T02:17:31+00:00
27,Product Analyst FastAPI pour sante,"Recherche Product Analyst pour un client sante dans un contexte de transformation digital. Competences attendues: FastAPI, Java, Python, React, SAP, Tableau. Demarrage souhaite dans 15 jours, duree 14 mois. Niveau requis: Confirmed. Langue requise: Bilingue. Localisation: Remote. Budget max: 791 EUR/jour.",Confirmed,Remote,Bilingue,FastAPI | Java | Python | React | SAP | Tableau,Sante,15,14,791,High,2026-01-26T02:17:31+00:00
28,Architecte Cloud AWS pour assurance,"Recherche Architecte Cloud pour un client assurance dans un contexte de transformation cloud. Competences attendues: AWS, Azure, Docker, GCP, Python, Snowflake. Demarrage souhaite dans 15 jours, duree 10 mois. Niveau requis: Senior. Langue requise: Bilingue. Localisation: Paris. Budget max: 1139 EUR/jour.",Senior,Paris,Bilingue,AWS | Azure | Docker | GCP | Python | Snowflake,Assurance,15,10,1139,Medium,2025-08-15T02:17:31+00:00
29,Lead Data Scientist Databricks pour sante,"Recherche Lead Data Scientist pour un client sante dans un contexte de transformation data / ia. Competences attendues: Databricks, FastAPI, IAM, NLP, Python, Tableau. Demarrage souhaite dans 30 jours, duree 15 mois. Niveau requis: Senior. Langue requise: Anglais. Localisation: Paris. Budget max: 1109 EUR/jour.",Senior,Paris,Anglais,Databricks | FastAPI | IAM | NLP | Python | Tableau | dbt,Sante,30,15,1109,Medium,2025-11-19T02:17:31+00:00
30,Expert ERP Airflow pour public,"Recherche Expert ERP pour un client public dans un contexte de transformation erp. Competences attendues: Airflow, Azure, Power BI, Python, SQL, Snowflake. Demarrage souhaite dans 60 jours, duree 12 mois. Niveau requis: Senior. Langue requise: Anglais. Localisation: Lille. Budget max: 1051 EUR/jour.",Senior,Lille,Anglais,Airflow | Azure | Power BI | Python | SQL | Snowflake,Public,60,12,1051,Medium,2025-08-27T02:17:31+00:00
31,Platform Engineer AWS pour energie,"Recherche Platform Engineer pour un client energie dans un contexte de transformation devops. Competences attendues: AWS, DevOps, Docker, GCP, Kubernetes, React. Demarrage souhaite dans 15 jours, duree 12 mois. Niveau requis: Senior. Langue requise: Anglais. Localisation: Montreal. Budget max: 1339 EUR/jour.",Senior,Montreal,Anglais,AWS | DevOps | Docker | GCP | Kubernetes | React | SQL,Energie,15,12,1339,High,2026-03-20T02:17:31+00:00
32,Consultant Digital Docker pour banque,"Recherche Consultant Digital pour un client banque dans un contexte de transformation digital. Competences attendues: Docker, MLOps, Python, React, SQL. Demarrage souhaite dans 30 jours, duree 3 mois. Niveau requis: Confirmed. Langue requise: Francais. Localisation: Bruxelles. Budget max: 875 EUR/jour.",Confirmed,Bruxelles,Francais,Docker | MLOps | Python | React | SQL,Banque,30,3,875,Medium,2026-03-31T02:17:31+00:00
33,Tech Lead Digital Databricks pour public,"Recherche Tech Lead Digital pour un client public dans un contexte de transformation digital. Competences attendues: Databricks, FastAPI, Python, SQL, Snowflake. Demarrage souhaite dans 0 jours, duree 12 mois. Niveau requis: Junior. Langue requise: Francais. Localisation: Paris. Budget max: 662 EUR/jour.",Junior,Paris,Francais,Databricks | FastAPI | Python | SQL | Snowflake,Public,0,12,662,High,2025-12-20T02:17:31+00:00
34,Consultant Azure AWS pour assurance,"Recherche Consultant Azure pour un client assurance dans un contexte de transformation cloud. Competences attendues: AWS, Kubernetes, SQL, Terraform. Demarrage souhaite dans 60 jours, duree 15 mois. Niveau requis: Senior. Langue requise: Anglais. Localisation: Paris. Budget max: 1114 EUR/jour.",Senior,Paris,Anglais,AWS | Kubernetes | SQL | Terraform,Assurance,60,15,1114,Medium,2026-02-09T02:17:31+00:00
35,DevOps Cloud FastAPI pour industrie,"Recherche DevOps Cloud pour un client industrie dans un contexte de transformation devops. Competences attendues: FastAPI, GCP, Kubernetes, Python, Terraform. Demarrage souhaite dans 30 jours, duree 12 mois. Niveau requis: Confirmed. Langue requise: Francais. Localisation: Montreal. Budget max: 902 EUR/jour.",Confirmed,Montreal,Francais,FastAPI | GCP | Kubernetes | Python | Terraform,Industrie,30,12,902,Low,2026-02-27T02:17:31+00:00
36,Expert ERP GCP pour sante,"Recherche Expert ERP pour un client sante dans un contexte de transformation erp. Competences attendues: GCP, SAP, SQL, Snowflake. Demarrage souhaite dans 0 jours, duree 10 mois. Niveau requis: Senior. Langue requise: Anglais. Localisation: Lyon. Budget max: 1276 EUR/jour.",Senior,Lyon,Anglais,GCP | SAP | SQL | Snowflake,Sante,0,10,1276,High,2026-02-25T02:17:31+00:00
37,Consultant CRM C# pour energie,"Recherche Consultant CRM pour un client energie dans un contexte de transformation crm. Competences attendues: C#, DevOps, Java, Python, SQL, dbt. Demarrage souhaite dans 30 jours, duree 11 mois. Niveau requis: Confirmed. Langue requise: Bilingue. Localisation: Bruxelles. Budget max: 912 EUR/jour.",Confirmed,Bruxelles,Bilingue,C# | DevOps | Java | Python | SQL | dbt,Energie,30,11,912,Medium,2025-08-11T02:17:31+00:00
38,DevOps Cloud AWS pour public,"Recherche DevOps Cloud pour un client public dans un contexte de transformation devops. Competences attendues: AWS, Azure, Docker, GCP, Python, Spark. Demarrage souhaite dans 15 jours, duree 6 mois. Niveau requis: Confirmed. Langue requise: Bilingue. Localisation: Remote. Budget max: 819 EUR/jour.",Confirmed,Remote,Bilingue,AWS | Azure | Docker | GCP | Python | Spark,Public,15,6,819,Medium,2026-02-20T02:17:31+00:00
39,Data Analyst NLP pour public,"Recherche Data Analyst pour un client public dans un contexte de transformation data / ia. Competences attendues: NLP, Python, SQL, Snowflake, Spark, Tableau. Demarrage souhaite dans 15 jours, duree 6 mois. Niveau requis: Senior. Langue requise: Anglais. Localisation: Bruxelles. Budget max: 1351 EUR/jour.",Senior,Bruxelles,Anglais,NLP | Python | SQL | Snowflake | Spark | Tableau,Public,15,6,1351,High,2026-03-11T02:17:31+00:00
40,Product Analyst C# pour telecom,"Recherche Product Analyst pour un client telecom dans un contexte de transformation digital. Competences attendues: C#, Python, React, Tableau, Terraform. Demarrage souhaite dans 15 jours, duree 6 mois. Niveau requis: Expert. Langue requise: Bilingue. Localisation: Montreal. Budget max: 1654 EUR/jour.",Expert,Montreal,Bilingue,C# | Python | React | Tableau | Terraform,Telecom,15,6,1654,High,2025-10-31T02:17:31+00:00
41,Cloud Engineer GCP pour sante,"Recherche Cloud Engineer pour un client sante dans un contexte de transformation cloud. Competences attendues: GCP, Kubernetes, Python, SOC, Terraform. Demarrage souhaite dans 0 jours, duree 4 mois. Niveau requis: Confirmed. Langue requise: Bilingue. Localisation: Paris. Budget max: 963 EUR/jour.",Confirmed,Paris,Bilingue,GCP | Kubernetes | Python | SOC | Terraform,Sante,0,4,963,Medium,2025-12-05T02:17:31+00:00
42,SRE Azure pour banque,"Recherche SRE pour un client banque dans un contexte de transformation devops. Competences attendues: Azure, Docker, Kubernetes, Terraform. Demarrage souhaite dans 60 jours, duree 7 mois. Niveau requis: Expert. Langue requise: Bilingue. Localisation: Montreal. Budget max: 1509 EUR/jour.",Expert,Montreal,Bilingue,Azure | Docker | Kubernetes | Terraform,Banque,60,7,1509,High,2025-11-22T02:17:31+00:00
43,Business Analyst ERP Power BI pour telecom,"Recherche Business Analyst ERP pour un client telecom dans un contexte de transformation erp. Competences attendues: Power BI, Python, SAP, SOC, Snowflake, Tableau. Demarrage souhaite dans 0 jours, duree 13 mois. Niveau requis: Senior. Langue requise: Bilingue. Localisation: Lille. Budget max: 1087 EUR/jour.",Senior,Lille,Bilingue,Power BI | Python | SAP | SOC | Snowflake | Tableau,Telecom,0,13,1087,Medium,2025-11-24T02:17:31+00:00
44,Architecte Cloud Docker pour retail,"Recherche Architecte Cloud pour un client retail dans un contexte de transformation cloud. Competences attendues: Docker, Kubernetes, NLP, Python, Terraform. Demarrage souhaite dans 30 jours, duree 15 mois. Niveau requis: Junior. Langue requise: Anglais. Localisation: Remote. Budget max: 649 EUR/jour.",Junior,Remote,Anglais,Docker | Kubernetes | NLP | Python | Terraform,Retail,30,15,649,Low,2026-01-19T02:17:31+00:00
45,Developer React AWS pour energie,"Recherche Developer React pour un client energie dans un contexte de transformation digital. Competences attendues: AWS, FastAPI, Java, Python, SQL, Tableau. Demarrage souhaite dans 0 jours, duree 10 mois. Niveau requis: Confirmed. Langue requise: Francais. Localisation: Lyon. Budget max: 840 EUR/jour.",Confirmed,Lyon,Francais,AWS | FastAPI | Java | Python | SQL | Tableau,Energie,0,10,840,High,2025-09-09T02:17:31+00:00
46,DevOps Cloud AWS pour energie,"Recherche DevOps Cloud pour un client energie dans un contexte de transformation devops. Competences attendues: AWS, Airflow, Docker, Java, Kubernetes. Demarrage souhaite dans 15 jours, duree 14 mois. Niveau requis: Confirmed. Langue requise: Anglais. Localisation: Paris. Budget max: 895 EUR/jour.",Confirmed,Paris,Anglais,AWS | Airflow | Docker | Java | Kubernetes,Energie,15,14,895,Medium,2025-09-24T02:17:31+00:00
47,Platform Engineer Azure pour sante,"Recherche Platform Engineer pour un client sante dans un contexte de transformation devops. Competences attendues: Azure, DevOps, GCP, Python, SIEM, SOC. Demarrage souhaite dans 15 jours, duree 11 mois. Niveau requis: Confirmed. Langue requise: Bilingue. Localisation: Lille. Budget max: 1023 EUR/jour.",Confirmed,Lille,Bilingue,Azure | DevOps | GCP | Python | SIEM | SOC,Sante,15,11,1023,Medium,2025-10-06T02:17:31+00:00
48,Consultant Salesforce Azure pour banque,"Recherche Consultant Salesforce pour un client banque dans un contexte de transformation crm. Competences attendues: Azure, C#, Java, MLOps, SQL. Demarrage souhaite dans 15 jours, duree 8 mois. Niveau requis: Junior. Langue requise: Bilingue. Localisation: Paris. Budget max: 643 EUR/jour.",Junior,Paris,Bilingue,Azure | C# | Java | MLOps | SQL,Banque,15,8,643,Medium,2026-03-25T02:17:31+00:00
49,Tech Lead CRM Azure pour retail,"Recherche Tech Lead CRM pour un client retail dans un contexte de transformation crm. Competences attendues: Azure, Java, Power BI, Python, React, SQL. Demarrage souhaite dans 15 jours, duree 15 mois. Niveau requis: Senior. Langue requise: Francais. Localisation: Bruxelles. Budget max: 1326 EUR/jour.",Senior,Bruxelles,Francais,Azure | Java | Power BI | Python | React | SQL,Retail,15,15,1326,High,2025-11-07T02:17:31+00:00
50,Consultant SAP FastAPI pour assurance,"Recherche Consultant SAP pour un client assurance dans un contexte de transformation erp. Competences attendues: FastAPI, Power BI, Python, SAP, SQL, Snowflake. Demarrage souhaite dans 15 jours, duree 4 mois. Niveau requis: Expert. Langue requise: Bilingue. Localisation: Remote. Budget max: 1392 EUR/jour.",Expert,Remote,Bilingue,FastAPI | Power BI | Python | SAP | SQL | Snowflake,Assurance,15,4,1392,Medium,2025-08-05T02:17:31+00:00
51,Architecte Cyber GCP pour retail,"Recherche Architecte Cyber pour un client retail dans un contexte de transformation cyber. Competences attendues: GCP, SAP, SQL, Terraform. Demarrage souhaite dans 60 jours, duree 3 mois. Niveau requis: Senior. Langue requise: Bilingue. Localisation: Toulouse. Budget max: 1190 EUR/jour.",Senior,Toulouse,Bilingue,GCP | SAP | SQL | Terraform,Retail,60,3,1190,Medium,2025-09-01T02:17:31+00:00
52,DevOps Kubernetes Azure pour public,"Recherche DevOps Kubernetes pour un client public dans un contexte de transformation devops. Competences attendues: Azure, DevOps, Docker, Kubernetes, Python, SIEM. Demarrage souhaite dans 30 jours, duree 8 mois. Niveau requis: Confirmed. Langue requise: Francais. Localisation: Toulouse. Budget max: 1008 EUR/jour.",Confirmed,Toulouse,Francais,Azure | DevOps | Docker | Kubernetes | Python | SIEM | Tableau,Public,30,8,1008,Medium,2025-08-06T02:17:31+00:00
53,Consultant Salesforce C# pour banque,"Recherche Consultant Salesforce pour un client banque dans un contexte de transformation crm. Competences attendues: C#, Java, Python, SQL, Tableau, dbt. Demarrage souhaite dans 15 jours, duree 16 mois. Niveau requis: Confirmed. Langue requise: Bilingue. Localisation: Lyon. Budget max: 920 EUR/jour.",Confirmed,Lyon,Bilingue,C# | Java | Python | SQL | Tableau | dbt,Banque,15,16,920,Medium,2026-01-09T02:17:31+00:00
54,Consultant Salesforce AWS pour telecom,"Recherche Consultant Salesforce pour un client telecom dans un contexte de transformation crm. Competences attendues: AWS, Python, SQL, Salesforce, Snowflake. Demarrage souhaite dans 30 jours, duree 10 mois. Niveau requis: Confirmed. Langue requise: Francais. Localisation: Paris. Budget max: 790 EUR/jour.",Confirmed,Paris,Francais,AWS | Python | SQL | Salesforce | Snowflake,Telecom,30,10,790,High,2025-11-15T02:17:31+00:00
55,Developer React Databricks pour industrie,"Recherche Developer React pour un client industrie dans un contexte de transformation digital. Competences attendues: Databricks, Docker, FastAPI, Java, Tableau. Demarrage souhaite dans 0 jours, duree 5 mois. Niveau requis: Expert. Langue requise: Francais. Localisation: Bruxelles. Budget max: 1661 EUR/jour.",Expert,Bruxelles,Francais,Databricks | Docker | FastAPI | Java | Tableau,Industrie,0,5,1661,Medium,2026-03-31T02:17:31+00:00
56,Data Analyst Airflow pour energie,"Recherche Data Analyst pour un client energie dans un contexte de transformation data / ia. Competences attendues: Airflow, Databricks, NLP, SQL, Snowflake, dbt. Demarrage souhaite dans 60 jours, duree 6 mois. Niveau requis: Senior. Langue requise: Bilingue. Localisation: Remote. Budget max: 1151 EUR/jour.",Senior,Remote,Bilingue,Airflow | Databricks | NLP | SQL | Snowflake | dbt,Energie,60,6,1151,Low,2026-03-31T02:17:31+00:00
57,Consultant Azure Azure pour public,"Recherche Consultant Azure pour un client public dans un contexte de transformation cloud. Competences attendues: Azure, Docker, FastAPI, Python. Demarrage souhaite dans 0 jours, duree 16 mois. Niveau requis: Confirmed. Langue requise: Bilingue. Localisation: Lille. Budget max: 875 EUR/jour.",Confirmed,Lille,Bilingue,Azure | Docker | FastAPI | Python,Public,0,16,875,Medium,2026-01-31T02:17:31+00:00
58,Cloud Engineer Azure pour assurance,"Recherche Cloud Engineer pour un client assurance dans un contexte de transformation cloud. Competences attendues: Azure, Docker, GCP, Python. Demarrage souhaite dans 0 jours, duree 4 mois. Niveau requis: Senior. Langue requise: Anglais. Localisation: Lyon. Budget max: 1288 EUR/jour.",Senior,Lyon,Anglais,Azure | Docker | GCP | Python,Assurance,0,4,1288,High,2025-11-15T02:17:31+00:00
59,Platform Engineer AWS pour retail,"Recherche Platform Engineer pour un client retail dans un contexte de transformation devops. Competences attendues: AWS, DevOps, GCP, SOC. Demarrage souhaite dans 30 jours, duree 17 mois. Niveau requis: Senior. Langue requise: Francais. Localisation: Nantes. Budget max: 1192 EUR/jour.",Senior,Nantes,Francais,AWS | DevOps | GCP | SOC,Retail,30,17,1192,Medium,2025-11-23T02:17:31+00:00
60,Product Analyst C# pour sante,"Recherche Product Analyst pour un client sante dans un contexte de transformation digital. Competences attendues: C#, Docker, Java, Python, React, SOC. Demarrage souhaite dans 0 jours, duree 16 mois. Niveau requis: Junior. Langue requise: Francais. Localisation: Remote. Budget max: 652 EUR/jour.",Junior,Remote,Francais,C# | Docker | Java | Python | React | SOC | Tableau,Sante,0,16,652,Low,2026-02-09T02:17:31+00:00
61,Data Analyst Databricks pour energie,"Recherche Data Analyst pour un client energie dans un contexte de transformation data / ia. Competences attendues: Databricks, FastAPI, Power BI, Snowflake, Spark, Tableau. Demarrage souhaite dans 0 jours, duree 17 mois. Niveau requis: Senior. Langue requise: Bilingue. Localisation: Nantes. Budget max: 1354 EUR/jour.",Senior,Nantes,Bilingue,Databricks | FastAPI | Power BI | Snowflake | Spark | Tableau | dbt,Energie,0,17,1354,High,2025-09-23T02:17:31+00:00
62,Consultant Azure AWS pour public,"Recherche Consultant Azure pour un client public dans un contexte de transformation cloud. Competences attendues: AWS, Airflow, Azure, Kubernetes, Spark. Demarrage souhaite dans 30 jours, duree 8 mois. Niveau requis: Confirmed. Langue requise: Bilingue. Localisation: Toulouse. Budget max: 1033 EUR/jour.",Confirmed,Toulouse,Bilingue,AWS | Airflow | Azure | Kubernetes | Spark,Public,30,8,1033,Medium,2026-02-16T02:17:31+00:00
63,DevOps Cloud Azure pour public,"Recherche DevOps Cloud pour un client public dans un contexte de transformation devops. Competences attendues: Azure, GCP, Python, Terraform. Demarrage souhaite dans 30 jours, duree 17 mois. Niveau requis: Expert. Langue requise: Bilingue. Localisation: Remote. Budget max: 1412 EUR/jour.",Expert,Remote,Bilingue,Azure | GCP | Python | Terraform,Public,30,17,1412,Medium,2026-01-18T02:17:31+00:00
64,Tech Lead CRM C# pour assurance,"Recherche Tech Lead CRM pour un client assurance dans un contexte de transformation crm. Competences attendues: C#, FastAPI, Java, Python. Demarrage souhaite dans 30 jours, duree 16 mois. Niveau requis: Confirmed. Langue requise: Francais. Localisation: Toulouse. Budget max: 918 EUR/jour.",Confirmed,Toulouse,Francais,C# | FastAPI | Java | Python,Assurance,30,16,918,Medium,2025-12-10T02:17:31+00:00
65,Platform Engineer Azure pour telecom,"Recherche Platform Engineer pour un client telecom dans un contexte de transformation devops. Competences attendues: Azure, Kubernetes, Python, SQL, Terraform. Demarrage souhaite dans 30 jours, duree 16 mois. Niveau requis: Senior. Langue requise: Bilingue. Localisation: Toulouse. Budget max: 1192 EUR/jour.",Senior,Toulouse,Bilingue,Azure | Kubernetes | Python | SQL | Terraform,Telecom,30,16,1192,High,2025-11-30T02:17:31+00:00
66,Architecte Cloud AWS pour retail,"Recherche Architecte Cloud pour un client retail dans un contexte de transformation cloud. Competences attendues: AWS, GCP, Kubernetes, Python, Spark. Demarrage souhaite dans 15 jours, duree 5 mois. Niveau requis: Confirmed. Langue requise: Francais. Localisation: Remote. Budget max: 865 EUR/jour.",Confirmed,Remote,Francais,AWS | GCP | Kubernetes | Python | Spark,Retail,15,5,865,High,2025-10-22T02:17:31+00:00
67,Lead Data Scientist Databricks pour retail,"Recherche Lead Data Scientist pour un client retail dans un contexte de transformation data / ia. Competences attendues: Databricks, Power BI, SQL, Tableau. Demarrage souhaite dans 15 jours, duree 8 mois. Niveau requis: Confirmed. Langue requise: Francais. Localisation: Paris. Budget max: 872 EUR/jour.",Confirmed,Paris,Francais,Databricks | Power BI | SQL | Tableau,Retail,15,8,872,High,2026-03-30T02:17:31+00:00
68,Expert SIEM AWS pour retail,"Recherche Expert SIEM pour un client retail dans un contexte de transformation cyber. Competences attendues: AWS, Azure, IAM, Java, Kubernetes, SOC. Demarrage souhaite dans 30 jours, duree 12 mois. Niveau requis: Expert. Langue requise: Francais. Localisation: Paris. Budget max: 1558 EUR/jour.",Expert,Paris,Francais,AWS | Azure | IAM | Java | Kubernetes | SOC,Retail,30,12,1558,Medium,2026-01-17T02:17:31+00:00
69,Architecte Cloud AWS pour retail,"Recherche Architecte Cloud pour un client retail dans un contexte de transformation cloud. Competences attendues: AWS, Azure, Docker, Kubernetes, Python, Terraform. Demarrage souhaite dans 15 jours, duree 3 mois. Niveau requis: Confirmed. Langue requise: Bilingue. Localisation: Bruxelles. Budget max: 839 EUR/jour.",Confirmed,Bruxelles,Bilingue,AWS | Azure | Docker | Kubernetes | Python | Terraform,Retail,15,3,839,Medium,2025-08-04T02:17:31+00:00
70,Tech Lead CRM C# pour retail,"Recherche Tech Lead CRM pour un client retail dans un contexte de transformation crm. Competences attendues: C#, GCP, Java, Power BI. Demarrage souhaite dans 15 jours, duree 14 mois. Niveau requis: Expert. Langue requise: Francais. Localisation: Paris. Budget max: 1500 EUR/jour.",Expert,Paris,Francais,C# | GCP | Java | Power BI,Retail,15,14,1500,Medium,2026-03-25T02:17:31+00:00
